,city,diesel
0,ABENBERG,1.2250415113738837
1,ABENSBERG,1.2255149198480677
2,ADELSDORF,1.2440552254722328
3,ADELSRIED,1.2488354413759895
4,ADELZHAUSEN,1.2309856543722437
5,AFFING,1.2178186331486336
6,AICHA V.W.,1.2491659321881634
7,AICHA VORM WALD,1.3019166666666668
8,AICHACH,1.228598133101725
9,AIDENBACH,1.2431935869348627
10,AINDLING,1.2150256410256413
11,AINRING,1.2590612941051182
12,AITERHOFEN,1.2277439675815474
13,ALBERZELL,1.222416666666667
14,ALDERSBACH,1.2416738263270992
15,ALFELD,1.2640824860924769
16,ALLERSBERG,1.2223439698973133
17,ALLERSHAUSEN,1.2868461200756969
18,ALLING,1.2497461792028377
19,ALTDORF,1.2465243953218388
20,ALTDORF B. NÜRNBERG,1.2516597398209264
21,ALTEGLOFSHEIM,1.2030219414621914
22,ALTENKUNSTADT,1.2249995109426528
23,ALTENMARKT,1.2637619047619053
24,ALTENMÜNSTER,1.2650907548770125
25,ALTENSTADT,1.236462773115508
26,ALTENTHANN,1.2279534412955615
27,ALTFELD,1.218436587240502
28,ALTFRAUNHOFEN,1.2371195079086128
29,ALTHEGNENBERG,1.2707665731019047
30,ALTMANNSTEIN,1.2256502463054184
31,ALTMANNSTEIN-PONDORF,1.2218175519630465
32,ALTOMÜNSTER,1.233560598395634
33,ALTUSRIED,1.2512998519034781
34,ALTUSRIED-KIMRATSHOFEN,1.2309720703752434
35,ALTÖTTING,1.262202322099751
36,ALTÖTTING-MÜHLDORF,1.267378760606857
37,ALZENAU,1.2337536364424886
38,ALZENAU - HOERSTEIN,1.239776233438976
39,AMBERG,1.2772462161755824
40,AMORBACH,1.2399527105957515
41,AMPFING,1.1971422330906598
42,ANGER,1.2376438949783624
43,ANSBACH,1.2280338211522315
44,ANZING,1.239092214417151
45,ARNSCHWANG,1.2469557783988372
46,ARNSTEIN,1.2361888390632838
47,ARNSTEIN-HEUGRUMBACH,1.2092680298425271
48,ARNSTORF,1.240468527812621
49,ARRACH,1.2799385677428978
50,ARZBERG,1.2870172666081576
51,ASBACH-BAEUMENHEIM,1.242682153521808
52,ASBACH-BÄUMEHEIM,1.1825416666666684
53,ASBACH-BÄUMENHEIM,1.1550330237358122
54,ASCHA,1.2509916024315428
55,ASCHAFFENBURG,1.2310478460383916
56,ASCHAU,1.259408462205891
57,ASCHAU AM INN,1.2031478467277026
58,ASCHHEIM,1.2445818520700964
59,ASSLING,1.2051685823754779
60,AU/HALLERTAU,1.233547846889955
61,AUB,1.1937505230125613
62,AUERBACH,1.2332626977335748
63,AUGSBURG,1.2479703215459363
64,AUGSBURG-GVZ,1.2202798833819246
65,AUGSBURG-LECHHAUSEN,1.204162540635178
66,AUGSBURG/LECHHAUSEN,1.2051065107712333
67,AUGSBURG/OBERHAUSEN,1.2161519751442231
68,AURACH,1.3352377670435311
69,AURACHTAL,1.233593247825458
70,AUSSERNZELL,1.2185945945945953
71,BABENHAUSEN,1.2324736052958376
72,BAD ABBACH,1.221319916395335
73,BAD AIBLING,1.2053971718149252
74,BAD BERNECK,1.2411102543649293
75,BAD BIRNBACH,1.2370201986716305
76,BAD BOCKLET-STEINACH,1.2160079875082512
77,BAD BRUECKENAU,1.2322396863916758
78,BAD BRÜCKENAU,1.2328498883387213
79,BAD ENDORF,1.2258213670304463
80,BAD FEILNBACH,1.244057894965051
81,BAD FEILNBACH / AU,1.2437974413646204
82,BAD FÜSSING,1.2521647472255504
83,BAD GRIESBACH,1.2549566604189468
84,BAD GRÖNENBACH,1.2790344638129882
85,BAD GÖGGING,1.2296293214578606
86,BAD HEILBRUNN,1.2450934866159504
87,BAD HINDELANG,1.2325264220046654
88,BAD KISSINGEN,1.2266866820883597
89,BAD KISSINGEN-GARITZ,1.226393283582135
90,BAD KÖNIGSHOFEN,1.237912116201002
91,BAD KÖTZTING,1.262344117647081
92,BAD NEUSTADT,1.2143082455036733
93,BAD NEUSTADT A. D. SAALE,1.2252308764323319
94,BAD NEUSTADT A.D.SAALE,1.2346725798872367
95,BAD NEUSTADT-SALZ,1.2008932291666652
96,BAD NEUSTADT/SAALE,1.2257138883845329
97,BAD REICHENHALL,1.2623363317535512
98,BAD RODACH,1.2360853297991565
99,BAD STAFFELSTEIN,1.2210872887614004
100,BAD STEBEN,1.2350462598780192
101,BAD TOELZ,1.240536846496295
102,BAD TÖLZ,1.2245742975055685
103,BAD WIESSEE,1.2347053891488062
104,BAD WINDSHEIM,1.2308728874083539
105,BAD WÖRISHOFEN,1.2268699264758764
106,BAIERN,1.2292403846153843
107,BAIERSDORF,1.2229369506791157
108,BALZHAUSEN,1.2345307262569825
109,BAMBERG,1.2170261886820029
110,BARBING,1.2436629421629628
111,BAUNACH,1.222692035766277
112,BAYERISCH EISENSTEIN,1.257938536710833
113,BAYREUTH,1.2203766537185696
114,BECHHOFEN,1.230142348754437
115,BEILNGRIES,1.234739107426312
116,BELLENBERG,1.2220733343984713
117,BERATZHAUSEN,1.2259835074908978
118,BERCHING,1.2633191758160818
119,BERCHTESGADEN,1.2744976764679818
120,BERG,1.401537167029923
121,BERG B NEUMARKT,1.2523407600738476
122,BERG BEI HOF,1.247166408336883
123,BERGEN,1.3648897071408772
124,BERGEN / CHIEMGAU,1.4975452746165319
125,BERGKIRCHEN,1.2182027110308353
126,BERGTHEIM,1.2261680657098437
127,BERNAU,1.2492299772696738
128,BERNAU A.CHIEMSEE,1.2595360491194203
129,BERNRIED,1.1668801843317975
130,BETZENSTEIN,1.2090808282448524
131,BIBERBACH,1.2254990689013041
132,BICHL,1.2548234232566742
133,BIEBELRIED,1.2141813875731384
134,BINDLACH,1.2083854432171355
135,BISCHBERG,1.2156160059959125
136,BISCHBERG-TROSDORF,1.2087382711119505
137,BISCHOFSGRÜN,1.2137223442150542
138,BISCHOFSHEIM,1.2434478527607353
139,BISCHOFSMAIS,1.2295442308936646
140,BISCHOFSWIESEN,1.2921181013180048
141,BISCHOFSWIESEN - STRUB,1.2922021660650287
142,BLAICHACH,1.2159718309859142
143,BOBINGEN,1.2264550190572308
144,BOCKHORN/ED20,1.2105927916921235
145,BODENMAIS,1.2754910460137654
146,BODENWÖHR,1.1550159480212663
147,BOGEN,1.233912786978708
148,BRANNENBURG,1.2322829605748755
149,BREITENGÜSSBACH,1.2222802297846735
150,BRUCK I.D.OPF.,1.2379620758482994
151,BRUCK IN DER OBERPFALZ,1.1643027436140165
152,BRUCKBERG,1.2331441397242064
153,BRUCKMÜHL,1.2288739426706075
154,BRUNN,1.2199445485880414
155,BRUNNTHAL,1.2380108501001004
156,BUBENREUTH,1.2234961718308037
157,BUCH,1.2671242603550477
158,BUCH AM BUCHRAIN,1.2352119565217394
159,BUCH AM ERLBACH,1.2306807832777025
160,BUCHBACH,1.2426122448979886
161,BUCHDORF,1.2328773087070564
162,BUCHLOE,1.223273591421688
163,BUECHLBERG,1.2545282490154326
164,BURGAU,1.2543668182399759
165,BURGBERNHEIM,1.225579076657429
166,BURGEBRACH,1.2374843012164045
167,BURGHASLACH,1.2308816642877356
168,BURGHAUSEN,1.2642870915246671
169,BURGHEIM,1.2299716952139503
170,BURGKIRCHEN A.D.ALZ,1.2722033220547755
171,BURGKUNSTADT,1.2119091118401968
172,BURGLENGENFELD,1.2233181448756596
173,BURGOBERBACH,1.2366129943502524
174,BURGPREPPACH,1.2166174363057491
175,BURGTHANN,1.2016627083999187
176,BURKARDROTH,1.2155965745849653
177,BUTTENHEIM,1.2285592831838923
178,BUXHEIM,1.1857751897409219
179,BÜCHENBACH,1.2330046351476904
180,BÜTTHARD,1.1814535104364507
181,CADOLZBURG,1.2368291782086336
182,CHAM,1.246765501596384
183,CHAMERAU,1.2413595649165838
184,CHIEMING,1.2617839139054343
185,COBURG,1.2480401642588095
186,COLLENBERG,1.2191265679737686
187,CREUSSEN,1.2171623709691075
188,DACHAU,1.248057495918146
189,DAMMBACH,1.2370668181817905
190,DASING,1.2524282988397282
191,DEGGENDORF,1.220842188748742
192,DEGGENDORF/FREIHAFEN,1.2157880899062743
193,DEINING,1.2024943787555384
194,DENKENDORF,1.2208883098515895
195,DENKLINGEN,1.2002500843066914
196,DERCHING,1.2492451830204576
197,DETTELBACH,1.2282329561032541
198,DIEDORF,1.2308850437800753
199,DIEDORF (BIBURG),1.2868372064429165
200,DIEDORF-BIBURG,1.1481113295395766
201,DIESPECK,1.2125751955954547
202,DIESSEN,1.259053869399542
203,DIESSEN AM AMMERSEE,1.2141282051282045
204,DIETENHEIM,1.2282180005389218
205,DIETENHOFEN,1.2443785958069258
206,DIETERSBURG,1.2480103092783519
207,DIETFURT,1.2734986275359574
208,DIETMANNSRIED,1.4311534483486543
209,DIETRAMSZELL,1.2327962962962966
210,DILLINGEN,1.1804013453376354
211,DILLINGEN A. D. DONAU,1.168478560084681
212,DINGOLFING,1.240208127298962
213,DINKELSBUEHL,1.2216925949636979
214,DINKELSBÜHL,1.2260941715360143
215,DINKELSCHERBEN,1.2364624863360991
216,DIRLEWANG,1.2454813139932002
217,DITTELBRUNN,1.2265789461290226
218,DITTENHEIM,1.215510638297873
219,DOERFLES-ESBACH,1.218096818730931
220,DOLLNSTEIN,1.1965364211795573
221,DONAUSTAUF,1.2273305198991944
222,DONAUWOERTH,1.2243924139571214
223,DONAUWÖRTH,1.227134001601617
224,DONNERSDORF,1.2081854546226851
225,DORFEN,1.2461003198612937
226,DRACHSELSRIED,1.2758851860860825
227,DURACH,1.251198355873776
228,EBELSBACH,1.2351591508727562
229,EBERMANNSTADT,1.233495760639137
230,EBERN,1.2225742571329867
231,EBERSBERG,1.213805370154692
232,EBERSDORF,1.185931101934353
233,EBERSDORF B. COBURG,1.2078205638003379
234,ECHING,1.2261330209691612
235,ECHING-VIECHT,1.216377777777782
236,ECKENTAL,1.2152217759146673
237,EFFELTRICH,1.218890423763968
238,EGGENFELDEN,1.2470790539329057
239,EGGLKOFEN,1.2150776638707665
240,EGGOLSHEIM,1.273163062665499
241,EGING,1.2552480094518907
242,EGING AM SEE,1.2344511509401417
243,EGLHARTING,1.20386598344505
244,EGLING,1.235861854264019
245,EGLOFFSTEIN,1.22522956747481
246,EHEKIRCHEN,1.2125745523558207
247,EICHENBÜHL,1.2944347826086955
248,EICHENDORF,1.2188535080956115
249,EICHSTAETT,1.2246903933545912
250,EICHSTÄTT,1.2217271704135786
251,EITENSHEIM,1.186801602924628
252,ELCHINGEN,1.1964746716697723
253,ELSENDORF,1.2276084409732424
254,ELSENFELD,1.2306095605026681
255,ELTMANN,1.2706048390904467
256,EMSKIRCHEN,1.2395284099179424
257,ENSDORF,1.2473729156139715
258,ERBENDORF,1.25961656961921
259,ERDING,1.2249282455302855
260,ERDWEG,1.2141098901098903
261,ERDWEG-GROSSBERGHOFEN,1.2151825726141088
262,ERGOLDING,1.2423800902110174
263,ERGOLDSBACH,1.2446246470179991
264,ERHARTING,1.2485031183606659
265,ERKHEIM,1.2218982072753426
266,ERLANGEN,1.2398603704924047
267,ERLENBACH,1.2390877974296544
268,ERNSGADEN,1.222242099086228
269,ESCHENFELDEN,1.2147163726261254
270,ESCHLKAM,1.2316139240506323
271,ESLARN,1.229947368421073
272,ESSELBACH,1.2258760411933756
273,ESSENBACH,1.2529924242424133
274,ESSENBACH/ALTHEIM,1.24693379310343
275,ESTENFELD,1.2228951820700915
276,ETTENSTATT,1.2184431818181827
277,EUERBACH,1.220598501404936
278,EUERDORF,1.2429527642324278
279,EUSSENHEIM-HUNDSBACH,1.2108993818745561
280,FAHRENZHAUSEN,1.2415659834856798
281,FAISTENHAAR,1.218054307116106
282,FALKENBERG,1.2681722628655199
283,FALKENSTEIN,1.2603605187893212
284,FARCHANT,1.2711864416508654
285,FEICHTEN,1.2353380281690092
286,FELDKIRCHEN,1.3112032361763934
287,FELDKIRCHEN-WESTERHAM,1.2129057171514146
288,FESSENHEIM,1.1812575917935781
289,FEUCHT,1.3654099497054628
290,FEUCHTWANGEN,1.2306669659951706
291,FICHTELBERG,1.2802041884816755
292,FINSING,1.235557693367859
293,FISCHACH,1.232299036777549
294,FISCHEN,1.2313541559112453
295,FISCHEN-LANGENWANG,1.2295453488372095
296,FLADUNGEN,1.2408659047112733
297,FLOSS,1.260410830879541
298,FORCHHEIM,1.2306667480624656
299,FORSTERN,1.2173206624376105
300,FORSTING PFAFFING,1.2015439714504514
301,FORSTINNING,1.2070944055944066
302,FRAMMERSBACH,1.2496067666617794
303,FRANKENWINHEIM,1.2267256532066542
304,FRASDORF,1.2573374011519898
305,FRAUENAU,1.2516662758473565
306,FREILASSING,1.239877642785165
307,FREISING,1.224349829029871
308,FREMDINGEN,1.2096875171656363
309,FRENSDORF,1.2441693443335078
310,FREYSTADT,1.2139177724971153
311,FREYUNG,1.240327260100468
312,FRIEDBERG,1.226376764874401
313,FRIESENRIED,1.2246620946032793
314,FRONTENHAUSEN,1.230908557049795
315,FUCHSTAL-ASCH,1.1914467232815749
316,FUCHSTAL-LEEDER,1.1422589285714198
317,FUERSTENFELDBRUCK,1.22837028129407
318,FUERSTENSTEIN,1.2531440544353183
319,FUERSTENZELL,1.2656418458311605
320,FUERTH,1.2274982616584562
321,FUESSEN,1.2329422510312522
322,FURTH,1.2592135623698473
323,FURTH IM WALD,1.2532254222325858
324,FÜRHOLZEN,1.487961815184893
325,FÜRSTENFELDBRUCK,1.2326427707611096
326,FÜRSTENFELDBRÜCK,1.2132551728488552
327,FÜRSTENZELL,1.2773301005909334
328,FÜRTH,1.2397524491007086
329,FÜSSEN,1.2584515021590978
330,GACHENBACH,1.221222222222222
331,GAIMERSHEIM,1.209374855803003
332,GANGKOFEN,1.2392844180982376
333,GARCHING,1.2425865694491067
334,GARCHING B. MÜNCHEN,1.2408686215322888
335,GARMISCH-PARTENK.,1.267079647012499
336,GARMISCH-PARTENKIRCH,1.2802974041512702
337,GARMISCH-PARTENKIRCHEN,1.2722070596057224
338,GARS A. INN,1.226180823345518
339,GAUKÖNIGSHOFEN,1.2387948063005638
340,GAUTING,1.255271405702045
341,GEFREES,1.302059825508953
342,GEIERSTHAL,1.236403035413153
343,GEISELHÖRING,1.2259431326904469
344,GEISELWIND,1.2304641623446577
345,GEISENFELD,1.23550124069934
346,GEISENFELD - ILMENDORF,1.2263351843209984
347,GEISENHAUSEN,1.3585504997437647
348,GELTENDORF,1.2208323741482612
349,GEMUENDEN A.MAIN,1.2413123874324257
350,GEMÜNDEN,1.2303920677244609
351,GEMÜNDEN A. M.,1.2128401326089324
352,GEORGENSGMÜND,1.2113830338160532
353,GERBRUNN,1.2070460177300817
354,GERETSRIED,1.25804303055497
355,GERHARDSHOFEN,1.204016882665902
356,GERMARINGEN,1.2165689037202096
357,GERMERING,1.2496677405707604
358,GERODA,1.2123862701676682
359,GEROLDSGRÜN,1.2247130897674745
360,GEROLFINGEN,1.2334217687074829
361,GEROLSBACH,1.2129230769230768
362,GEROLZHOFEN,1.232521889186162
363,GERSTHOFEN,1.254467011602166
364,GERZEN,1.2121423864824472
365,GESLAU,1.2399660377358874
366,GESSERTSHAUSEN,1.2203068149896275
367,GIEBELSTADT,1.1761070742358188
368,GILCHING,1.2250806537759813
369,GLONN,1.2145099076612347
370,GMUND,1.2453157894736993
371,GOCHSHEIM,1.2337819090438518
372,GOLLHOFEN,1.256893984789112
373,GOTTFRIEDINGERSCHWAIGE,1.2311378698224844
374,GRABEN,1.2500341242083477
375,GRABENSTÄTT,1.2381078868682889
376,GRAFENAU,1.2281885381170672
377,GRAFENWÖHR,1.268603508246085
378,GRAFING,1.2075252258114575
379,GRASBRUNN,1.2231514569182855
380,GRASSAU,1.2651249279815466
381,GREDING,1.3761101445546318
382,GREMSDORF,1.2451155569169146
383,GRIESSTÄTT,1.2246848602988918
384,GROEBENZELL,1.2638273091504324
385,GROSSAITINGEN,1.2369365822266665
386,GROSSHABERSDORF,1.2200378974397976
387,GROSSHEUBACH,1.2263817486860784
388,GROSSMEHRING,1.231650000000002
389,GROSSMEHRING-INTERPARK,1.2630915624551013
390,GROSSOSTHEIM,1.238822624681871
391,GRUB AM FORST,1.2428527749228944
392,GRUENWALD,1.2411665941856547
393,GRÃ¤FENDORF,1.2606666666666668
394,GRÄFELFING,1.221881717610263
395,GRÜNWALD,1.251248704222958
396,GUENZBURG,1.2116648915886405
397,GUNDELFINGEN,1.196177860791209
398,GUNZENHAUSEN,1.2102903918494037
399,GUTENECK,1.2476612623636105
400,GÖSSWEINSTEIN,1.2425096682612984
401,GÜNZBURG,1.2133216208638897
402,HAAG,1.217703782859523
403,HAAG IN OBERBAYERN,1.2258520807580857
404,HAAR,1.251906016175762
405,HAFENLOHR,1.243186046511627
406,HAGENBÜCHACH,1.204938848920863
407,HAIBACH,1.1954811385640673
408,HAIBACH/UNTERFRANKEN,1.196389636248806
409,HAIMHAUSEN,1.2478298208402667
410,HALBLECH (TRAUCHGAU),1.2479290310280695
411,HALFING,1.2297664677276958
412,HALLBERGMOOS,1.2361847583896775
413,HALLSTADT,1.1952933837495372
414,HAMMELBURG,1.216811185762144
415,HAPPURG,1.2321477516059955
416,HARBURG,1.2160168067226569
417,HARTMANNSHOF,1.241499999999999
418,HASELBACH,1.232158312870208
419,HASSFURT,1.2288679853188238
420,HAUNERSDORF / SIMBACH,1.2370023802439711
421,HAUSEN,1.3517671004603211
422,HAUSEN B.WUERZBURG,1.2468336059826592
423,HAUSEN BEI WÜRZBURG,1.522842482100236
424,HAUSHAM,1.2352762208335522
425,HAUZENBERG,1.2655948451034347
426,HEBERTSHAUSEN,1.2276836748541426
427,HEIDECK,1.250072535647873
428,HEILIGENSTADT,1.2227569286223952
429,HEILSBRONN,1.2307560427490534
430,HEIMENKIRCH,1.2441554971529165
431,HEIMERTINGEN,1.2397001177749516
432,HEINERSREUTH,1.2050339803648553
433,HELMBRECHTS,1.2255935717988666
434,HEMAU,1.2109626224749221
435,HEMHOFEN,1.2200635155095556
436,HENGERSBERG,1.2648476354022884
437,HEPBERG,1.3990252458066834
438,HERBERTSFELDEN,1.2376748448123127
439,HERGENSWEILER,1.2227042868752434
440,HEROLDSBACH,1.2166881584916545
441,HEROLDSBERG,1.2248950518876942
442,HERRIEDEN,1.2424198047588417
443,HERRSCHING,1.2459503440217286
444,HERSBRUCK,1.227414672705871
445,HERZOGENAURACH,1.3043918998609831
446,HESSDORF,1.2199134501539275
447,HILPOLTSTEIN,1.2284743315641005
448,HIMMELKRON,1.2411142804806587
449,HIRSCHAID,1.2001588362946831
450,HIRSCHAU,1.2773536990643874
451,HOCHSTADT,1.2059953910307986
452,HOECHBERG,1.218172131926575
453,HOECHSTADT,1.2024213384970446
454,HOF,1.2317358194614816
455,HOF/SAALE,1.2443165387722
456,HOFHEIM,1.2242535714285714
457,HOFHEIM I.UFR.,1.2467372793354337
458,HOFHEIM-LENDERSHAUSEN,1.291741617356982
459,HOFKIRCHEN,1.2529786258052165
460,HOHENKAMMER,1.2147452574525746
461,HOHENLINDEN,1.2136714488384444
462,HOHENSCHAEFTLARN,1.2440325915068795
463,HOHENSTADT,1.214865641297616
464,HOHENWART,1.222419603745014
465,HOLLFELD,1.2153247144558288
466,HOLZHEIM,1.1517118644067799
467,HOLZKIRCHEN,1.3053736852670585
468,HOPFERAU,1.2660694808599984
469,HORGAU,1.2324364015817433
470,HUGLFING,1.2094953116381868
471,HUNDERDORF,1.3635572231846982
472,HURLACH,1.2369337922656587
473,HUTTHURM,1.2522667913066148
474,HÖCHBERG,1.1907073270502129
475,HÖCHSTADT,1.2425192428034595
476,HÖCHSTADT/A,1.2304458669634784
477,HÖCHSTÄDT,1.2717868852458776
478,HÖCHSTÄDT AN DER DONAU,1.1692895523407956
479,HÖHENKIRCHEN-SIEGERT,1.2366806859942863
480,HÖSBACH,1.2388613128908035
481,ICHENHAUSEN,1.2219060068931824
482,ICKING,1.2271234943578337
483,IFFELDORF,1.214743946132955
484,IGENSDORF,1.2396629963295795
485,IGGENSBACH,1.2479200017231167
486,IGLING,1.2740672484906663
487,IHRLERSTEIN,1.2428512869399455
488,ILLERTISSEN,1.2239548589869995
489,ILLSCHWANG,1.5246298044029196
490,IMMENSTADT,1.2140164579853894
491,INGOLSTADT,1.2383129034681812
492,INGOLSTADT-ZUCHERING,1.243349054181265
493,INNING,1.248417149916584
494,INZELL,1.2660165262624592
495,IPHOFEN,1.2137850420999963
496,IPPESHEIM,1.2171178581546425
497,IPSHEIM,1.223545977631479
498,IRSCHENBERG,1.3648062833923917
499,ISEN,1.2001209439528033
500,ISEN / OBERBAYERN,1.2047522123893815
501,ISMANING,1.236575552970931
502,ISNY,1.1798653004029103
503,ITZGRUND,1.2376012985292248
504,JENGEN,1.2451692174939661
505,JETTINGEN-SCHEPPACH,1.2296487522407127
506,JETZENDORF,1.2149838274932612
507,KAHL,1.233052589907045
508,KALTENBRUNN,1.2396597222222205
509,KAMMERSTEIN,1.3654290419800357
510,KARLSFELD,1.2363771300791975
511,KARLSHULD,1.228924484642551
512,KARLSKRON,1.2410438071226
513,KARLSTADT,1.2368320263102457
514,KARLSTEIN,1.2315677224182664
515,KARSBACH-WEYERSFELD,1.2164047071876132
516,KASENDORF,1.1605539489194545
517,KASTL,1.2215425506555304
518,KAUFBEUREN,1.2320875547135552
519,KAUFERING,1.2710255171291336
520,KELHEIM,1.2231229273182003
521,KEMNATH,1.2192555910543115
522,KEMPTEN,1.2299107632645483
523,KIEFERSFELDEN,1.4811793016467185
524,KINDING,1.2503146136323828
525,KINSAU,1.250398074277909
526,KIPFENBERG,1.2331919191919198
527,KIRCHBERG,1.2128829787234023
528,KIRCHDORF,1.2351928273018151
529,KIRCHDORF I. WALD,1.250680791874244
530,KIRCHEHRENBACH,1.2241981912144313
531,KIRCHENLAMITZ,1.1024722222222225
532,KIRCHENTHUMBACH,1.2744840673640114
533,KIRCHHAM,1.2626231492123925
534,KIRCHHEIM,1.2464840267184076
535,KIRCHHEIM B. MÜNCHEN,1.235964172246894
536,KIRCHROTH,1.248637518506099
537,KIRCHWEIDACH,1.2450366077998751
538,KIRCHZELL,1.2273990038738234
539,KISSING,1.2120641311197802
540,KIST,1.234899510248437
541,KITZINGEN,1.200653420638113
542,KLAIS,1.284652429179478
543,KLEINHEUBACH,1.2071335262504765
544,KLEINLANGHEIM,1.431608559854186
545,KLEINLANGHEIM - HAIDT (SÜD),1.502726536938182
546,KLEINOSTHEIM,1.2309741220898074
547,KLEINRINDERFELD,1.217304797496908
548,KLEINWALLSTADT,1.2296850160811874
549,KLINGENBERG,1.2154152814694028
550,KLINGENBERG/MAIN,1.2232744002629146
551,KLOSTERLECHFELD,1.2367165308834758
552,KNETZGAU,1.2294346716432378
553,KOCHEL,1.2523153297607517
554,KOENIGSBRUNN,1.1958893143559253
555,KOESCHING,1.2289984228787265
556,KOESSLARN,1.2365737704918016
557,KOLBERMOOR,1.2087646813689166
558,KRAFTISRIED,1.2192277915884209
559,KRAIBURG,1.1931698278378244
560,KRAILLING,1.2188120013874504
561,KREUZWERTHEIM,1.2216491465726893
562,KRONACH,1.2198873379609003
563,KRONACH-GLOSBERG,1.2262624457756177
564,KRUMBACH,1.2145305964184872
565,KRÜN,1.2773979079944426
566,KUERNACH,1.1916731473821116
567,KULMBACH,1.2062234167481614
568,KULMBACH-MELKENDORF,1.2072108797196568
569,KÖDNITZ,1.207655010901891
570,KÖFERING,1.2204207953788029
571,KÖNIGSBRUNN,1.2431697389358778
572,KÖNIGSDORF,1.2705395249902773
573,KÖNIGSMOOS,1.2224763948497837
574,KÜHBACH,1.219378250591017
575,KÜMMERSBRUCK,1.2594840454299594
576,KÜNZING,1.2411428571428589
577,KÜPS,1.2243587652869297
578,KÜRNACH,1.1879147095179308
579,LAABER,1.199391979432844
580,LANDAU,1.2363260777797065
581,LANDSBERG,1.241671492165475
582,LANDSBERG AM LECH,1.4973522727273094
583,LANDSBERG LECH,1.5015443169968608
584,LANDSHAM,1.2371056009334884
585,LANDSHUT,1.2403646792839262
586,LANGENBACH,1.2191245069033123
587,LANGENMOSEN,1.2218076923076917
588,LANGENPETTENBACH,1.22212
589,LANGENPREISING,1.214213930348257
590,LANGENZENN,1.2270823173526013
591,LANGQUAID,1.264221021643866
592,LANGWEID,1.2551639892283417
593,LAUF,1.2327993676547153
594,LAUF A.D. PEGNITZ,1.221345406360355
595,LAUFACH,1.240408561536016
596,LAUFEN,1.227416127339542
597,LAUINGEN,1.1976464088810435
598,LAUINGEN AN DER DONAU,1.2281061405000593
599,LAUTERHOFEN,1.2266924414329783
600,LECHBRUCK,1.2392050928788239
601,LECHWIESEN NORD,1.4018888888888896
602,LEGAU,1.2302989362159582
603,LEHRBERG,1.219799873806359
604,LEIBLFING,1.2105829104599612
605,LEIDERSBACH,1.1897390029325177
606,LEINBURG,1.224144513973621
607,LEIPHEIM,1.3471918798753502
608,LENGENFELD,1.2337165729881066
609,LENGGRIES,1.241997674418615
610,LENTING,1.2297053547876176
611,LEUTERSHAUSEN,1.227396914738367
612,LICHTENAU,1.2277486978417227
613,LICHTENFELS,1.2168096352651283
614,LINDAU,1.2504706092539966
615,LINDENBERG,1.2520077967801053
616,LITZENDORF,1.2012812192723639
617,LOHR,1.2333093703474374
618,LUDWIGSSTADT,1.2077639405203915
619,LUHE-WILDENAU,1.1677733399079664
620,MAINBURG,1.2420729746276815
621,MAINBURG-SANDELZHSN,1.2252880466472797
622,MAINLEUS,1.1789396670847807
623,MAISACH,1.1833420839439646
624,MAITENBETH,1.2338918906031555
625,MAITENBETH-THAL,1.235207394048641
626,MALGERSDORF,1.2550189402479985
627,MALLERSDORF-PAFFENBERG,1.2369548804601935
628,MALLERSDORF-PFAFFENBERG,1.279800000000005
629,MAMMENDORF,1.2268613761202207
630,MANCHING,1.248718759743756
631,MARKT BIBART,1.2209327201285083
632,MARKT ERLBACH,1.2239248691874443
633,MARKT INDERSDORF,1.2640627313539319
634,MARKT RETTENBACH,1.2403920958309715
635,MARKT SCHWABEN,1.2375612043986135
636,MARKTBERGEL,1.2245394568981391
637,MARKTBREIT,1.2068197153453435
638,MARKTHEIDENFELD,1.2253283312887728
639,MARKTL,1.2433713278495908
640,MARKTLEUGAST,1.2124456290419228
641,MARKTLEUTHEN,1.1972491024579341
642,MARKTOBERDORF,1.2102314021013674
643,MARKTOBERDORF-THALHO,1.2426604240120853
644,MARKTREDWITZ,1.259220939574158
645,MARKTRODACH,1.2163228793926084
646,MARKTSCHELLENBERG,1.2708273092369493
647,MARKTSTEFT,1.197794493423179
648,MARKTZEULN,1.2117092453260305
649,MAROLDSWEISACH,1.1388820960698625
650,MARZLING,1.2391647655259759
651,MASSBACH,1.213856275303597
652,MASSING,1.2519263765642263
653,MAUERN,1.249137457044675
654,MAUTH,1.2234130837768407
655,MAXHÜTTE-HAIDHOF,1.2219689004272785
656,MEITINGEN,1.202136459507741
657,MELLRICHSTADT,1.2654221712831804
658,MELLRICHSTADT-ROSSRIETH,1.4458708207756672
659,MEMMELSDORF,1.21223181442168
660,MEMMINGEN,1.2234553275302908
661,MENGKOFEN,1.250519270783712
662,MERING,1.2591376200897675
663,MERKENDORF,1.2311803278688351
664,MERTINGEN,1.1962452407614839
665,MESPELBRUNN,1.210061498155882
666,METTEN,1.2257441014132227
667,MICHELAU,1.2192949568605258
668,MICHELAU I. STEIGERWALD,1.2465926624738242
669,MICHELAU OT. SCHWÜRBITZ,1.2011932401260765
670,MIESBACH,1.2260915473725906
671,MILTACH,1.2253184079601978
672,MILTENBERG,1.2152802718395568
673,MINDELHEIM,1.243303516963884
674,MINDELSTETTEN,1.2230815924319616
675,MITTELNEUFNACH,1.251759825327509
676,MITTENWALD,1.283869565281473
677,MITTERFELS,1.230792380820264
678,MITTERTEICH,1.291083378865715
679,MITWITZ,1.2331471708935624
680,MOEMBRIS,1.2222504364555844
681,MOEMLINGEN,1.2412268031895275
682,MONHEIM,1.245493486590042
683,MOORENWEIS,1.235057028588316
684,MOOS,1.1999478672985857
685,MOOSBACH,1.2532211055276372
686,MOOSBURG,1.2103378298009975
687,MOOSBURG A.D.ISAR,1.199659820241361
688,MOOSINNING,1.2152723454765166
689,MOOSTHENNING,1.2510807712350063
690,MOTTEN,1.2236455074208081
691,MUEHLDORF,1.2634773366483378
692,MUEHLHAUSEN,1.271396026088295
693,MUENCHBERG,1.2074722240629188
694,MUENCHEN,1.2359131345640613
695,MUENCHEN ,1.2311827411167529
696,MURNAU,1.2790984164142198
697,MHLDORF,1.24570634920635
698,MÃ¼NCHEN,1.281658061813133
699,MÖMBRIS,1.245821883645696
700,MÖMBRIS-GUNZENBACH,1.2191014537821225
701,MÖTTINGEN,1.2065321397772881
702,MÜHLDORF,1.2467828803331857
703,MÜHLDORF / INN,1.1888356373829152
704,MÜHLDORF AM INN ,1.215257309941527
705,MÜHLHAUSEN,1.2470555580702798
706,MÜNCHBERG,1.2043431707412113
707,MÜNCHEN,1.2312700890036796
708,MÜNCHEN FLUGHAFEN,1.2815897790055404
709,MÜNNERSTADT,1.2233973701850116
710,MÜRSBACH,1.2288501362397837
711,NABBURG,1.2447465170659664
712,NAILA,1.2304644150202653
713,NANDLSTADT,1.216754260237665
714,NEMARKT,1.201292872412507
715,NENNSLINGEN,1.218015325670499
716,NERSINGEN,1.2145650105068033
717,NESSELWANG,1.2549102416268083
718,NESSETAL,1.2381685127750415
719,NEU ULM,1.2036896109946265
720,NEU-ULM,1.2241356213310073
721,NEUBIBERG,1.2152364484283227
722,NEUBRUNN,1.2202048192770487
723,NEUBURG,1.2382084176988106
724,NEUBURG / DONAU,1.24872735079433
725,NEUBURG AN DER DONAU,1.2434762771508492
726,NEUDROSSENFELD,1.2457246608812151
727,NEUENDETTELSAU,1.2256743183407155
728,NEUENMARKT,1.23306748417087
729,NEUFAHRN,1.241942025712577
730,NEUFAHRN B.FREISING,1.4937068855254532
731,NEUFINSING,1.2173217189314745
732,NEUHAUS,1.2299798914777862
733,NEUHAUS/PEGNITZ,1.2058336352235475
734,NEUKIRCHEN,1.2467226712132604
735,NEUMARKT,1.2197967541614758
736,NEUMARKT IN DER OBERPFALZ,1.2053734167929662
737,NEUMARKT ST. VEIT,1.2332924528301876
738,NEUMARKT/ST.VEIT,1.2435535617183702
739,NEUNBURG V.W.,1.211595691728507
740,NEUNBURG VORM WALD,1.2126922168139067
741,NEUNKIRCHEN,1.2268395162607648
742,NEUNKIRCHEN AM BRAND,1.2321596340627519
743,NEUOETTING,1.2800311763739045
744,NEUREICHENAU,1.238415365056269
745,NEURIED,1.255389778949487
746,NEUSAESS,1.2176254408366811
747,NEUSORG,1.0529044289044376
748,NEUSTADT,1.2300765668731726
749,NEUSTADT A. D. AISCH,1.219436978919883
750,NEUSTADT A. D. DONAU,1.2266632302405507
751,NEUSTADT AN DER AISCH,1.170423869490565
752,NEUSTADT AN DER WALDNAAB,1.1770676490288312
753,NEUSTADT B. COBURG,1.2295234010367102
754,NEUSTADT B.COBURG,1.2410991601191936
755,NEUSTADT/DONAU,1.2337012871726338
756,NEUSTADT/SCHWAIG,1.222179539827299
757,NEUSÄSS,1.2655753542235137
758,NEUTRAUBLING,1.2162631203100873
759,NEUÖTTING,1.2548455134671515
760,NIEDERAUDORF,1.2227071711852426
761,NIEDERFÜLLBACH,1.1146484497168974
762,NIEDERNBERG,1.236954976398887
763,NIEDERROTH,1.218728997289973
764,NIEDERVIEHBACH,1.2457320261437903
765,NIEDERWINKLING,1.221095663473391
766,NITTENAU,1.2431570363169744
767,NITTENDORF,1.2350434734446938
768,NITTENDORF/ UNDORF,1.2257040033477695
769,NOERDLINGEN,1.2045525842345914
770,NORDENDORF,1.2257939546599221
771,NUERNBERG,1.2264357902396588
772,NUSSDORF,1.246390538211041
773,NÖRDLINGEN,1.215480434089953
774,NÜDLINGEN,1.2265439121011004
775,NÜRNBERG,1.2337255891266363
776,NÜRNBERG-SCHWEINAU,1.2020967136626013
777,OBERAMMERGAU,1.2781180158491
778,OBERASBACH,1.2219356975531555
779,OBERAU,1.2842861225982927
780,OBERDACHSTETTEN,1.1895925925926647
781,OBERELSBACH,1.2173003369840054
782,OBERGUENZBURG,1.2463711340206176
783,OBERGÜNZBURG,1.2395908244455651
784,OBERHACHING,1.2222068084361823
785,OBERHAID,1.225723673469332
786,OBERLEICHTERSBACH,1.2064788334901224
787,OBERNBURG,1.2306405947812973
788,OBERNDORF A. LECH,1.2289008824390097
789,OBERNZELL,1.27288580776443
790,OBERNZENN,1.214169581659184
791,OBEROSTENDORF,1.2398226221079685
792,OBERPFRAMMERN,1.1847037037037027
793,OBERPLEICHFELD,1.2926517412935257
794,OBERREUTE,1.2383835137114978
795,OBERSCHLEISSHEIM,1.2503969800468115
796,OBERSCHNEIDING,1.167817905316076
797,OBERSTAUFEN,1.230760071904954
798,OBERSTDORF,1.2392283118690273
799,OBERSTREU,1.2352483053870902
800,OBERTHULBA,1.222472764718437
801,OBERTRAUBLING,1.2280487365780999
802,OBERVIECHTACH,1.2548674222582
803,OBING,1.250613028808822
804,OCHSENFURT,1.2208410514797718
805,ODELZHAUSEN,1.2359696836768073
806,OERLENBACH,1.2070800083017428
807,OETTINGEN,1.2084588164586796
808,OETTINGEN IN BAYERN,1.227481401906798
809,OFFINGEN,1.223783889980322
810,OHRENBACH,1.451928448381185
811,OLCHING,1.214995215563276
812,OLCHING GEISELBULLACH,1.2076808510638302
813,ORTENBURG,1.2509964041900146
814,OSTERHOFEN,1.2069419820323135
815,OSTHEIM V. D. RHÖN,1.2379523064588596
816,OTTERFING,1.2333199737188039
817,OTTOBEUREN,1.233068551525759
818,OTTOBRUNN,1.218545297240851
819,OY-MITTELBERG,1.2467441586821295
820,PAINTEN,1.2410663507109032
821,PALLING,1.2608613138686113
822,PAPPENHEIM,1.1786397526660326
823,PARSBERG,1.22092869552655
824,PARTENSTEIN,1.264977138643074
825,PASSAU,1.3051915935551839
826,PASSAU-GRUBWEG,1.2512122947816782
827,PASTETTEN,1.2557291162754434
828,PATERSDORF,1.217644859813083
829,PEGNITZ,1.3684670022298642
830,PEGNITZ-TROCKAU,1.21420116386716
831,PEISSENBERG,1.224555831912655
832,PEITING,1.2375899650196287
833,PENTLING,1.254782769379936
834,PENZBERG,1.2445243125285068
835,PENZING,1.2169529147982021
836,PERLESREUT,1.2110681298582504
837,PETERSHAUSEN,1.2350280172413786
838,PETTING,1.2466239558400094
839,PFAFFENHAUSEN,1.2590027361278258
840,PFAFFENHOFEN,1.227585540764237
841,PFAFFENHOFEN A.D. ILM,1.2138603224426208
842,PFAFFENHOFEN/ILM,1.1569486043420607
843,PFARRKIRCHEN,1.2532491740833187
844,PFATTER,1.1930476190476271
845,PFEFFENHAUSEN,1.2397424593967512
846,PFORZEN,1.2098941778346461
847,PFREIMD,1.2513948881181824
848,PFRONTEN,1.26566230229392
849,PFRONTEN-RIED,1.2536339548576985
850,PFÖRRING,1.234777391016052
851,PIDING,1.340825733716734
852,PILGRAMSBERG,1.2403063380281696
853,PILSTING,1.24051580786509
854,PIRK,1.228705882352941
855,PLANEGG,1.2416453309461253
856,PLANKENFELS,1.2146959056519002
857,PLATTLING,1.217324095322929
858,PLECH,1.2178183699614935
859,PLEINFELD,1.2216150449019432
860,POCKING,1.2640173924196076
861,POCKING/DEUTSCHLAND,1.2300077519379844
862,POING,1.236434358589611
863,POLLENFELD,1.2334241733181277
864,POPPENHAUSEN,1.2130629361755871
865,POSTBAUER-HENG,1.2157544659621118
866,POTTENSTEIN,1.2126578328702426
867,PRACKENBACH,1.2450377358490563
868,PREITH,1.2677995049504815
869,PRESSATH,1.271780713672788
870,PRESSIG,1.2460780452224383
871,PRICHSENSTADT-NEUSES,1.2191462035979914
872,PRIEN,1.242512615871065
873,PUCHHEIM,1.2370428190371088
874,PULLACH,1.2078204207285248
875,PUTZBRUNN,1.234797922568469
876,PYRBAUM,1.215678445229683
877,PÄHL,1.229984096914109
878,PÖRNBACH,1.2102283030928895
879,PÖTTMES,1.2021520739435896
880,RAIN,1.1964900924702855
881,RAIN AM LECH,1.2355952337524605
882,RANNUNGEN,1.2052537993921055
883,RAUBLING,1.2336728517455846
884,RAUHENEBRACH-UNTERSTEINBACH,1.256901358344111
885,REDNITZHEMBACH,1.2296390543445228
886,REGEN,1.2564942295331205
887,REGENSBURG,1.2298902140873589
888,REGENSTAUF,1.222878923950773
889,REHAU,1.2362413084221937
890,REICHENBERG,1.1919309194854861
891,REICHENBERG/ALBERTSHAUSEN,1.2125300510814327
892,REICHERTSHAUSEN,1.19574232309746
893,REICHERTSHOFEN,1.229240148071234
894,REICHERTSHOFEN/WIND.,1.250460876579705
895,REISBACH,1.218136114952699
896,REISCHACH,1.2731463414634143
897,REIT IM WINKL,1.2450355479942488
898,RENNERTSHOFEN,1.2276881746031973
899,RENTWEINSDORF,1.2077048665620165
900,RETTENBACH AM AUERBERG,1.2129135713891077
901,RETTENBERG,1.2188598130841186
902,RIMPAR,1.2290178702142733
903,RIMSTING,1.2592850347326856
904,ROCKOLDING,1.2457567472092153
905,RODING,1.2507365870493177
906,ROEDENTAL,1.245261565579392
907,ROETHENBACH A.D.PEGNITZ,1.2433694379121016
908,ROGGENBURG-BIBERACH,1.1959536673709823
909,ROHR,1.228259697178704
910,ROHRBACH,1.2244851108936723
911,ROHRBACH - FAHLENBACH,1.1899547785547708
912,ROHRDORF,1.3672174271388906
913,ROSENHEIM,1.2126304784251452
914,ROSSBACH,1.2656666666666654
915,ROSSTAL,1.2262328581833
916,ROTH,1.246927577968609
917,ROTHENBURG,1.2732168002187565
918,ROTHENBURG O.D.T.,1.2744782911943737
919,ROTHENBURG OB DER TAUBER,1.2741914625421158
920,ROTT,1.2186586077796826
921,ROTTACH-EGERN,1.2287978219141498
922,ROTTENBURG,1.2216336261777723
923,ROTTENBURG A.D. LAABER,1.2354102564102558
924,ROTTHALMUENSTER,1.3450293255131842
925,RUDERTING,1.2540956916099826
926,RUECKERSDORF,1.2380348808029928
927,RUEDENHAUSEN,1.2288376814699618
928,RUHMANNSFELDEN,1.1995918153200837
929,RUHPOLDING,1.2686555494602523
930,RUHSTORF,1.2419783323121756
931,RÖDENTAL-EINBERG,1.2350890363128553
932,RÖHRMOOS,1.2165401069518713
933,RÖHRNBACH,1.2243832475677325
934,RÖTHENBACH,1.2385717485839678
935,RÖTTENBACH,1.230459641550797
936,RÖTTINGEN,1.195530795236936
937,RÖTZ,1.2230952348432202
938,RÜCKERSDORF,1.2257520033740472
939,RÜDENHAUSEN,1.2378300357570469
940,SAAL,1.24751871348109
941,SAAL/DONAU,1.239000000000005
942,SALCHING,1.2328507462686558
943,SALZ,1.2209463243873944
944,SALZWEG,1.2630950066464757
945,SAMERBERG,1.2429659036337617
946,SAUERLACH,1.229664885138353
947,SAULGRUB,1.2405300146412839
948,SCHAUENSTEIN,1.2155271084336643
949,SCHAUFLING,1.2309090605148794
950,SCHEIDEGG,1.250243345807223
951,SCHEINFELD,1.2096632124351345
952,SCHESSLITZ,1.211191168324579
953,SCHEYERN,1.2318004613610116
954,SCHIERLING,1.244441132772862
955,SCHILLINGSFÜRST,1.259985279476558
956,SCHILTBERG,1.2165414364640883
957,SCHLIERSEE,1.2296660716860188
958,SCHLÜSSELFELD,1.2081792996742682
959,SCHMIDGADEN-TRISCHING,1.240006360636056
960,SCHMIDMÜHLEN,1.2455174757281695
961,SCHNAITTACH,1.2447801595224548
962,SCHNAITTENBACH,1.2602136240974755
963,SCHNEEBERG,1.2267816904684143
964,SCHNELLDORF,1.2286798617836303
965,SCHOEFWEG,1.2419650455288889
966,SCHOELLKRIPPEN,1.2171168692684697
967,SCHONDORF,1.199
968,SCHONDORF AM AMMERSEE,1.2263138674764318
969,SCHONDRA,1.373688223677724
970,SCHONGAU,1.2394392149500666
971,SCHONUNGEN,1.2484321514263215
972,SCHORNDORF,1.2431216216216228
973,SCHROBENHAUSEN,1.2370716481926693
974,SCHWABACH,1.2605501816980145
975,SCHWABACH-LIMBACH,1.2450343087789892
976,SCHWABHAUSEN,1.2023877442153454
977,SCHWABMÜNCHEN,1.2378279773109162
978,SCHWAIG,1.2405623603003209
979,SCHWANDORF,1.2223775267354478
980,SCHWANGAU,1.2590606746195052
981,SCHWANSTETTEN,1.2197632688491924
982,SCHWARZACH,1.229108280562636
983,SCHWARZENBACH A WALD,1.2434875346260374
984,SCHWARZENBACH/SAALE,1.23594014515975
985,SCHWARZENBACH/WALD,1.2253694267515918
986,SCHWARZENBRUCK,1.2245650060752828
987,SCHWARZENFELD,1.257005738184386
988,SCHWEBHEIM,1.244768572761664
989,SCHWEINFURT,1.226163570071515
990,SCHWEITENKIRCHEN,1.2443606868659869
991,SCHWINDEGG,1.2355857123528828
992,SCHÃ¶NAU,1.2161765935214293
993,SCHÖLLKRIPPEN,1.3187006194081305
994,SCHÖLLNACH,1.1540869565217389
995,SCHÖNAU,1.233888660399525
996,SCHÖNAU AM KÖNIGSSEE,1.2820884946571778
997,SCHÖNBERG,1.2290600636221545
998,SCHÖNBERG-EBERHARDSREUTH,1.2474652402939401
999,SCHÖNSEE,1.2558327402135234
1000,SCHÖNWALD,1.2307591155935091
1001,SEEG,1.2540147975568132
1002,SEESHAUPT,1.2257446363960667
1003,SELB,1.2264938658898987
1004,SELBITZ,1.2414751423882608
1005,SENDEN,1.212579808650143
1006,SENGENTHAL,1.1216386090590504
1007,SESSLACH,1.2516064804592617
1008,SEUBERSDORF,1.207235721925067
1009,SEUKENDORF,1.1576542261251845
1010,SEYBOTHENREUTH,1.2134700065586652
1011,SIEGENBURG,1.2350458768743557
1012,SIEGSDORF,1.2689277553763192
1013,SIMBACH,1.257913329735315
1014,SINZING,1.2176063660767993
1015,SONNEFELD,1.2318117660731396
1016,SONTHOFEN,1.2277406370655188
1017,SOYEN,1.22958189300412
1018,SPALT,1.2066602154624695
1019,SPEICHERSDORF,1.2325219147176
1020,SPIEGELAU,1.2387737175678368
1021,ST. ENGLMAR,1.2113466728711548
1022,ST.JOHANN,1.2572048192771128
1023,ST.WOLFGANG,1.2406049958539695
1024,STADTBERGEN,1.2286948451049824
1025,STADTLAURINGEN,1.2415292301936058
1026,STADTPROZELTEN,1.2282307692307688
1027,STADTSTEINACH,1.1974948213360594
1028,STARNBERG,1.2311545910427022
1029,STEGAURACH,1.2254439609045662
1030,STEIN,1.2124374267360176
1031,STEINBACH AM WALD,1.221247206203934
1032,STEINGADEN,1.245494794588858
1033,STEINSFELD-ENDSEE,1.1828787208367135
1034,STEINWIESEN,1.2152799225832605
1035,STEPHANSKIRCHEN,1.2334034538971566
1036,STOCKHEIM,1.2218564771848708
1037,STOCKSTADT,1.183365272217775
1038,STOCKSTADT AM MAIN,1.1537800449270064
1039,STRASSKIRCHEN,1.2181286346396951
1040,STRAUBING,1.224867458357647
1041,STRULLENDORF,1.214410732929571
1042,SULZBACH,1.2206105567889778
1043,SULZBACH-ROSENBERG,1.2846193557988095
1044,SULZEMOOS,1.2264165375405005
1045,SÖCHTENAU,1.144536730945826
1046,SÜNCHING,1.2008012861736401
1047,TACHERTING-EMERTSHAM,1.247157024793388
1048,TAPFHEIM,1.2329582869855138
1049,TAUFKIRCHEN,1.205477305501106
1050,TEGERNHEIM,1.2205111563079722
1051,TEGERNSEE,1.245544731932886
1052,TEISENDORF,1.2453090392014472
1053,TEISNACH,1.239394736842104
1054,TETTENWEIS,1.2454625620751187
1055,TEUBLITZ,1.2280332144434583
1056,THALMÄSSING,1.231088621208874
1057,THANNHAUSEN,1.2128995811774872
1058,THEILENHOFEN,1.2144729104804202
1059,THIERHAUPTEN,1.21581602687113
1060,THIERSHEIM,1.2815870509930039
1061,THUENGERSHEIM,1.176271206169116
1062,THURNAU,1.2174857015740823
1063,THÜNGEN,1.1730188787917648
1064,THÜNGERSHEIM,1.1891405957788166
1065,TIEFENBACH,1.282042688465043
1066,TIRSCHENREUTH,1.2793455362323187
1067,TITTLING,1.238867990723669
1068,TITTMONING,1.2442427184466003
1069,TRAITSCHING,1.2702368850547912
1070,TRAUNREUT,1.252086780352519
1071,TRAUNREUT - MATZING,1.2778643617021261
1072,TRAUNSTEIN,1.2557895150881273
1073,TREBGAST,1.2301975829815195
1074,TREUCHTLINGEN,1.2043297715676218
1075,TRIEFENSTEIN-LENGFURT,1.2240589663544872
1076,TRIFTERN,1.253569856985691
1077,TROSTBERG,1.2536617880844585
1078,TRÖSTAU,1.2472772700758201
1079,TULLING,1.2120025940337233
1080,TUNTENHAUSEN,1.2808594059405987
1081,TUTZING,1.2507004474861612
1082,TÄNNESBERG,1.230224613723797
1083,TÖGING,1.2336042977817507
1084,TÜRKENFELD,1.2357489711934153
1085,TÜRKHEIM,1.220200452966612
1086,UEBERSEE,1.2262971830985838
1087,UEHLFELD,1.218768047537212
1088,UETTINGEN,1.2281608431018822
1089,UFFENHEIM,1.2421416130144416
1090,UNGERHAUSEN,1.226410639369022
1091,UNTERFOEHRING,1.2368132341425384
1092,UNTERFÖHRING,1.233159157198185
1093,UNTERHACHING,1.2112047439282063
1094,UNTERPLEICHFELD,1.1601586849239298
1095,UNTERROTH,1.2369356556661082
1096,UNTERSCHLEISSHEIM,1.2492943814345696
1097,UNTERSIEMAU,1.199
1098,UNTERSPIESHEIM,1.2390000000000014
1099,UNTERTHINGAU,1.2255765569994375
1100,UNTERWÖSSEN,1.2722619987884907
1101,URSENSOLLEN,1.2753061493184654
1102,USTERSBACH,1.2221668978270783
1103,UTTENREUTH,1.2387063512039247
1104,UTTENREUTH-WEIHER,1.1671740936555952
1105,UTTING AM AMMERSEE,1.2487058823529176
1106,VATERSTETTEN,1.3169997312493835
1107,VATERSTETTEN/ PARSDORF,1.2516326635755126
1108,VEITSBRONN,1.221916350170866
1109,VEITSHOECHHEIM,1.228437941125791
1110,VELBURG,1.383844290862844
1111,VELDEN,1.2340035832082417
1112,VIECHTACH,1.246324916383924
1113,VIERETH-TRUNSTADT,1.2228264182117916
1114,VIERKIRCHEN,1.2218953771289538
1115,VILSBIBURG,1.2125096180497674
1116,VILSHOFEN,1.2435239507358784
1117,VOHBURG,1.2463614458291783
1118,VOHENSTRAUSS,1.251501783772
1119,VOLKACH,1.2215044177210415
1120,VÖHRINGEN,1.213572592845379
1121,VÖHRINGEN-ILLERBERG,1.219987197724072
1122,WAAKIRCHEN,1.2347038250398845
1123,WACHENROTH,1.4184306715189232
1124,WACKERSDORF,1.2350387830789142
1125,WAGENHOFEN,1.101938624338628
1126,WAGING,1.2561860345515588
1127,WAIDHOFEN,1.231031249999999
1128,WAISCHENFELD,1.2287684142810982
1129,WALDASCHAFF,1.2179584932698346
1130,WALDERSHOF,1.2860766002098847
1131,WALDKIRCHEN,1.21896018914446
1132,WALDKRAIBURG,1.2333779210121247
1133,WALDMÜNCHEN,1.2531548120480356
1134,WALDSASSEN,1.2833563947077422
1135,WALLENFELS,1.2192321563546065
1136,WALLERSDORF,1.2318467741935544
1137,WALLERSTEIN,1.207063519200433
1138,WALTENHOFEN,1.2103325234011384
1139,WALTING,1.250374570446734
1140,WANG BEI MOOSBURG,1.2404366595894918
1141,WARNGAU,1.2843827989007686
1142,WARTENBERG,1.2007920444387692
1143,WASSERBURG,1.2155042466385404
1144,WASSERBURG AM INN,1.2194943726552923
1145,WASSERLOSEN-GRESSTHAL,1.218712431028875
1146,WASSERMUNGENAU,1.2117778088786677
1147,WASSERTRUEDINGEN,1.2235289855072475
1148,WASSERTRÜDINGEN,1.2254493653321774
1149,WEIBERSBRUNN,1.3966427971899702
1150,WEICHS,1.2180909090909091
1151,WEIDEN,1.2567071159418108
1152,WEIDEN I.D. OPF.,1.2312777993628274
1153,WEIDENBERG,1.2309391329591397
1154,WEIDING,1.2400475942512221
1155,WEIHERHAMMER,1.2425399933177617
1156,WEILER (LINDENBERG/ALLGÄU),1.2390968266884148
1157,WEILER-SIMMERBERG,1.2119289286960517
1158,WEILERSBACH,1.210584827870453
1159,WEILHEIM,1.2304785522323054
1160,WEISENDORF,1.2271133631054467
1161,WEISMAIN,1.212692491291399
1162,WEISSENBURG,1.2103086033863277
1163,WEISSENHORN,1.2266767661129274
1164,WEISSENSTADT,1.17459131025121
1165,WEITNAU/HOFEN,1.2416521689885234
1166,WEITRAMSDORF,1.2459563866155876
1167,WELDEN,1.2456862337662409
1168,WELLHEIM,1.2186503119464245
1169,WEMDING,1.2197172747830687
1170,WENDELSTEIN,1.2191096453615038
1171,WENDELSTEIN (ROETH.),1.2192075663630726
1172,WENZENBACH,1.231923814669698
1173,WERNBERG,1.2656669396781286
1174,WERNBERG-KÖBLITZ,1.260966929598855
1175,WERNECK,1.2062494238255974
1176,WERTINGEN,1.2320337529886718
1177,WESSLING,1.2246747095621064
1178,WESTENDORF,1.2106939804601151
1179,WETTSTETTEN,1.2243337110481745
1180,WEYARN,1.2478050314465419
1181,WICKLESGREUTH,1.2409515987092974
1182,WIESAU,1.2319475982532748
1183,WIESENTHEID,1.231591810041211
1184,WIESENTHEID-REUPELSDORF,1.2315139473426095
1185,WIGGENSBACH,1.251863849765257
1186,WILBURGSTETTEN,1.2450282183206913
1187,WILDFLECKEN,1.2189595687331625
1188,WILHELMSTHAL,1.2371423969072035
1189,WILHERMSDORF,1.2164924641086894
1190,WINDISCHESCHENBACH,1.3378690661898243
1191,WINDORF,1.2552538176265353
1192,WINDSBACH,1.2260047634690945
1193,WINHOERING,1.271796978817668
1194,WOERTH,1.2527969502046241
1195,WOLFERTSCHWENDEN,1.2529013452914788
1196,WOLFRAMS-ESCHENBACH,1.2018947774633244
1197,WOLFRATSHAUSEN,1.253789486049771
1198,WOLKERTSHOFEN,1.1601680911680887
1199,WOLNZACH,1.2356334417088486
1200,WOLNZACH/GEROLDSHAUSEN,1.2236052631578935
1201,WUERZBURG,1.2112717241436688
1202,WUNSIEDEL,1.2481410617998396
1203,WURMANNSQUICK,1.2714503325466646
1204,WÃ¶RTH AM MAIN,1.3173152520740072
1205,WÖRNITZ,1.2607255222949478
1206,WÖRTH,1.244630059659449
1207,WÖRTH A. D. ISAR,1.2490289611359888
1208,WÖRTH AN DER DONAU,1.2595885650224181
1209,WÖRTH/DONAU,1.2887755905511924
1210,WÜRZBURG,1.2412043065294682
1211,ZANDT,1.2363879781420755
1212,ZAPFENDORF,1.2149846177669217
1213,ZEIL A. MAIN,1.2381356371852104
1214,ZEILARN,1.2454856573094089
1215,ZEITLARN,1.226846544595403
1216,ZELLINGEN,1.2054071302816312
1217,ZIRNDORF,1.2028630341554527
1218,ZOLLING,1.2159541934420575
1219,ZORNEDING,1.2281436163788224
1220,ZUSMARSHAUSEN,1.2293692715231914
1221,ZWIESEL,1.272713272338622
